Workbook

Sheet Sheet1
A1: Perbandingan | I1: Nilai Pengujian | R1: Nilai Perhitungan
A2: No | B2: Sudut Theta | F2: Tititk Koordinat | I2: Sudut Theta | M2: Titik Koordinat | P2: Waktu Tempuh | Q2: Keberhasilan | R2: Sudut Theta | V2: Titik Koordinat Objek
B3: 0(°) | C3: 1(°) | D3: 2(°) | E3: 3(°) | F3: X | G3: Y | H3: Z | I3: 0(°) | J3: 1(°) | K3: 2(°) | L3: 3(°) | M3: X(cm) | N3: Y(cm) | O3: Z(cm) | R3: 0(°) | S3: 1(°) | T3: 2(°) | U3: 3(°) | V3: X(cm) | W3: Y(cm) | X3: Z(cm)
A4: 1 | B4: =I4-R4 -> 1.16 | C4: =J4-S4 -> -0.57 | D4: =K4-T4 -> 0.81 | E4: =L4-U4 -> 2.37 | F4: =M4-V4 -> 0.29 | G4: =N4-W4 -> 0.21 | H4: =O4-X4 -> 0 | I4: 0.6 | J4: 77.84 | K4: 50.63 | L4: 182.77 | M4: 10.49 | N4: 0.11 | O4: 10 | P4: 23.47 | Q4: ="Berhasil" -> Berhasil | R4: -0.56 | S4: 78.41 | T4: 49.82 | U4: 180.4 | V4: 10.2 | W4: -0.1 | X4: 10
A5: =SUM(A4+1) -> 2 | B5: =I5-R5 -> 1.01 | C5: =J5-S5 -> 2.3 | D5: =K5-T5 -> 1.76 | E5: =L5-U5 -> -0.56 | F5: =M5-V5 -> -0.51 | G5: =N5-W5 -> 0.32 | H5: =O5-X5 -> 0.81 | I5: 26.09 | J5: 109.16 | K5: 159.67 | L5: 140.49 | M5: 25.99 | N5: 12.72 | O5: 15.81 | P5: 20.68 | Q5: ="Berhasil" -> Berhasil | R5: 25.08 | S5: 106.86 | T5: 157.91 | U5: 141.05 | V5: 26.5 | W5: 12.4 | X5: 15
A6: =SUM(A5+1) -> 3 | B6: =I6-R6 -> -0.08 | C6: =J6-S6 -> 13.36 | D6: =K6-T6 -> 11.48 | E6: =L6-U6 -> 14.12 | F6: =M6-V6 -> -0.23 | G6: =N6-W6 -> 0.63 | H6: =O6-X6 -> 0.54 | I6: 6.52 | J6: 108.01 | K6: 120.44 | L6: 128.42 | M6: 21.37 | N6: 3.13 | O6: 17.04 | P6: 24.92 | Q6: ="Berhasil" -> Berhasil | R6: 6.6 | S6: 94.65 | T6: 108.96 | U6: 114.3 | V6: 21.6 | W6: 2.5 | X6: 16.5
A7: =SUM(A6+1) -> 4 | B7: =I7-R7 -> -2.59 | C7: =J7-S7 -> 10.63 | D7: =K7-T7 -> 12.02 | E7: =L7-U7 -> 11.38 | F7: =M7-V7 -> -0.24 | G7: =N7-W7 -> 1.12 | H7: =O7-X7 -> 1.39 | I7: 131.16 | J7: 126.01 | K7: 160.44 | L7: 124.42 | M7: -15.24 | N7: 17.62 | O7: 23.39 | P7: 22.11 | Q7: ="Berhasil" -> Berhasil | R7: 133.75 | S7: 115.38 | T7: 148.42 | U7: 113.04 | V7: -15 | W7: 16.5 | X7: 22
A8: =SUM(A7+1) -> 5 | B8: =I8-R8 -> 6.62 | C8: =J8-S8 -> 5.06 | D8: =K8-T8 -> -6.74 | E8: =L8-U8 -> -6 | F8: =M8-V8 -> -1.05 | G8: =N8-W8 -> -0.48 | H8: =O8-X8 -> 0.99 | I8: 199.14 | J8: 107.89 | K8: 121.06 | L8: 98.96 | M8: -29.05 | N8: -5.68 | O8: 15.99 | P8: 21.75 | Q8: ="Berhasil" -> Berhasil | R8: 192.52 | S8: 102.83 | T8: 127.8 | U8: 104.96 | V8: -28 | W8: -5.2 | X8: 15
A9: =SUM(A8+1) -> 6 | B9: =I9-R9 -> 2.71 | C9: =J9-S9 -> 10.82 | D9: =K9-T9 -> 11.82 | E9: =L9-U9 -> -9.09 | F9: =M9-V9 -> -0.25 | G9: =N9-W9 -> 0.42 | H9: =O9-X9 -> 0.35 | I9: 47.73 | J9: 110.84 | K9: 95.04 | L9: 154.1 | M9: 6.75 | N9: 7.42 | O9: 20.35 | P9: 24.06 | Q9: ="Berhasil" -> Berhasil | R9: 45.02 | S9: 100.02 | T9: 83.22 | U9: 163.19 | V9: 7 | W9: 7 | X9: 20
A10: =SUM(A9+1) -> 7 | B10: =I10-R10 -> -3.06 | C10: =J10-S10 -> 2.12 | D10: =K10-T10 -> 1.13 | E10: =L10-U10 -> -2.14 | F10: =M10-V10 -> 0.9 | G10: =N10-W10 -> -1.2 | H10: =O10-X10 -> 0.96 | I10: 57.95 | J10: 98.13 | K10: 129.57 | L10: 120.28 | M10: 13.6 | N10: 21.7 | O10: 15.96 | P10: 22.84 | Q10: ="Berhasil" -> Berhasil | R10: 61.01 | S10: 96.01 | T10: 128.44 | U10: 122.42 | V10: 12.7 | W10: 22.9 | X10: 15
A11: =SUM(A10+1) -> 8 | B11: =I11-R11 -> 5.68 | C11: =J11-S11 -> 3.3 | D11: =K11-T11 -> 5.64 | E11: =L11-U11 -> 2.34 | F11: =M11-V11 -> -0.44 | G11: =N11-W11 -> 0.57 | H11: =O11-X11 -> 0.87 | I11: 34.49 | J11: 110.96 | K11: 152.53 | L11: 131.56 | M11: 24.56 | N11: 10.57 | O11: 18.37 | P11: 20.33 | Q11: ="Berhasil" -> Berhasil | R11: 28.81 | S11: 107.66 | T11: 146.89 | U11: 129.22 | V11: 25 | W11: 10 | X11: 17.5
A12: =SUM(A11+1) -> 9 | B12: =I12-R12 -> 0.14 | C12: =J12-S12 -> 5.87 | D12: =K12-T12 -> 9.15 | E12: =L12-U12 -> 3.24 | F12: =M12-V12 -> -0.05 | G12: =N12-W12 -> 0 | H12: =O12-X12 -> 1.41 | I12: 89.32 | J12: 120.19 | K12: 137.02 | L12: 106.78 | M12: 0.25 | N12: 20 | O12: 23.91 | P12: 23.59 | Q12: ="Berhasil" -> Berhasil | R12: 89.18 | S12: 114.32 | T12: 127.87 | U12: 103.54 | V12: 0.3 | W12: 20 | X12: 22.5
A13: =SUM(A12+1) -> 10 | B13: =I13-R13 -> -0.53 | C13: =J13-S13 -> 10.68 | D13: =K13-T13 -> 13.86 | E13: =L13-U13 -> 8.05 | F13: =M13-V13 -> 0.92 | G13: =N13-W13 -> 0.34 | H13: =O13-X13 -> 2.76 | I13: 30.7 | J13: 115.62 | K13: 125.8 | L13: 105.17 | M13: 17.42 | N13: 10.34 | O13: 22.76 | P13: 21.48 | Q13: ="Berhasil" -> Berhasil | R13: 31.23 | S13: 104.94 | T13: 111.94 | U13: 97.12 | V13: 16.5 | W13: 10 | X13: 20
A14: =SUM(A13+1) -> 11 | B14: =I14-R14 -> 4.05 | C14: =J14-S14 -> 1.93 | D14: =K14-T14 -> -3.098 | E14: =L14-U14 -> -5.03 | F14: =M14-V14 -> -1.08 | G14: =N14-W14 -> 0.4 | H14: =O14-X14 -> 0.83 | I14: 29.16 | J14: 126.25 | K14: 138.07 | L14: 101.81 | M14: 16.42 | N14: 8.6 | O14: 25.83 | P14: 24.77 | Q14: ="Berhasil" -> Berhasil | R14: 25.11 | S14: 124.32 | T14: 141.168 | U14: 106.84 | V14: 17.5 | W14: 8.2 | X14: 25
A15: =SUM(A14+1) -> 12 | B15: =I15-R15 -> -0.24 | C15: =J15-S15 -> 4.27 | D15: =K15-T15 -> -0.49 | E15: =L15-U15 -> -4.77 | F15: =M15-V15 -> -0.34 | G15: =N15-W15 -> -1.27 | H15: =O15-X15 -> 1.92 | I15: 70.36 | J15: 99.01 | K15: 123.79 | L15: 114.77 | M15: 8.16 | N15: 22.83 | O15: 16.92 | P15: 22.39 | Q15: ="Berhasil" -> Berhasil | R15: 70.6 | S15: 94.74 | T15: 124.28 | U15: 119.54 | V15: 8.5 | W15: 24.1 | X15: 15
A16: =SUM(A15+1) -> 13 | B16: =I16-R16 -> -4.17 | C16: =J16-S16 -> 4.35 | D16: =K16-T16 -> 7.29 | E16: =L16-U16 -> 2.95 | F16: =M16-V16 -> -0.32 | G16: =N16-W16 -> -0.58 | H16: =O16-X16 -> 1.56 | I16: -39.32 | J16: 117.23 | K16: 94.75 | L16: 67.52 | M16: 7.78 | N16: -6.28 | O16: 22.56 | P16: 23.12 | Q16: ="Berhasil" -> Berhasil | R16: -35.15 | S16: 112.88 | T16: 87.46 | U16: 64.57 | V16: 8.1 | W16: -5.7 | X16: 21
... A23: =SUM(A22+1) -> 20 | B23: =I23-R23 -> 1.78 | C23: =J23-S23 -> 8.6 | D23: =K23-T23 -> 10.53 | E23: =L23-U23 -> 7.93 | F23: =M23-V23 -> -0.11 | G23: =N23-W23 -> 0.29 | H23: =O23-X23 -> 2.92 | I23: 21.67 | J23: 103.91 | K23: 75.16 | L23: 67.25 | M23: 9.29 | N23: 3.69 | O23: 17.92 | P23: 24.21 | Q23: ="Berhasil" -> Berhasil | R23: 19.89 | S23: 95.31 | T23: 64.63 | U23: 59.32 | V23: 9.4 | W23: 3.4 | X23: 15
A24: min | B24: =MIN(B4:B23) -> -4.17 | C24: =MIN(C4:C23) -> -0.57 | D24: =MIN(D4:D23) -> -6.74 | E24: =MIN(E4:E23) -> -9.09 | F24: =MIN(F4:F23) -> -1.08 | G24: =MIN(G4:G23) -> -1.27 | H24: =MIN(H4:H23) -> 0
A25: max | B25: =MAX(B4:B23) -> 6.62 | C25: =MAX(C4:C23) -> 13.36 | D25: =MAX(D4:D23) -> 21.93 | E25: =MAX(E4:E23) -> 14.12 | F25: =MAX(F4:F23) -> 0.92 | G25: =MAX(G4:G23) -> 1.12 | H25: =MAX(H4:H23) -> 2.92

Sheet Sheet2
F1: X | I1: Y | L1: Z
B2: x | C2: y | D2: z | F2: MAE | G2: MSE | H2: RMSE | I2: MAE | J2: MSE | K2: RMSE | L2: MAE | M2: MSE | N2: RMSE
A3: =A2+1 -> 1 | B3: =Sheet1!F4 -> 0.29 | C3: =Sheet1!G4 -> 0.21 | D3: =Sheet1!H4 -> 0 | F3: =ABS(B3) -> 0.29 | G3: =F3^2 -> 0.0841 | H3: =G3 -> 0.0841 | I3: =ABS(C3) -> 0.21 | J3: =I3^2 -> 0.0441 | K3: =J3 -> 0.0441 | L3: =ABS(D3) -> 0 | M3: =L3^2 -> 0 | N3: =M3 -> 0
A4: =A3+1 -> 2 | B4: =Sheet1!F5 -> -0.51 | C4: =Sheet1!G5 -> 0.32 | D4: =Sheet1!H5 -> 0.81 | F4: =ABS(B4) -> 0.51 | G4: =F4^2 -> 0.2601 | H4: =G4 -> 0.2601 | I4: =ABS(C4) -> 0.32 | J4: =I4^2 -> 0.1024 | K4: =J4 -> 0.1024 | L4: =ABS(D4) -> 0.81 | M4: =L4^2 -> 0.6561 | N4: =M4 -> 0.6561
A5: =A4+1 -> 3 | B5: =Sheet1!F6 -> -0.23 | C5: =Sheet1!G6 -> 0.63 | D5: =Sheet1!H6 -> 0.54 | F5: =ABS(B5) -> 0.23 | G5: =F5^2 -> 0.0529 | H5: =G5 -> 0.0529 | I5: =ABS(C5) -> 0.63 | J5: =I5^2 -> 0.3969 | K5: =J5 -> 0.3969 | L5: =ABS(D5) -> 0.54 | M5: =L5^2 -> 0.2916 | N5: =M5 -> 0.2916
A6: =A5+1 -> 4 | B6: =Sheet1!F7 -> -0.24 | C6: =Sheet1!G7 -> 1.12 | D6: =Sheet1!H7 -> 1.39 | F6: =ABS(B6) -> 0.24 | G6: =F6^2 -> 0.0576 | H6: =G6 -> 0.0576 | I6: =ABS(C6) -> 1.12 | J6: =I6^2 -> 1.2544 | K6: =J6 -> 1.2544 | L6: =ABS(D6) -> 1.39 | M6: =L6^2 -> 1.9321 | N6: =M6 -> 1.9321
A7: =A6+1 -> 5 | B7: =Sheet1!F8 -> -1.05 | C7: =Sheet1!G8 -> -0.48 | D7: =Sheet1!H8 -> 0.99 | F7: =ABS(B7) -> 1.05 | G7: =F7^2 -> 1.1025 | H7: =G7 -> 1.1025 | I7: =ABS(C7) -> 0.48 | J7: =I7^2 -> 0.2304 | K7: =J7 -> 0.2304 | L7: =ABS(D7) -> 0.99 | M7: =L7^2 -> 0.9801 | N7: =M7 -> 0.9801
A8: =A7+1 -> 6 | B8: =Sheet1!F9 -> -0.25 | C8: =Sheet1!G9 -> 0.42 | D8: =Sheet1!H9 -> 0.35 | F8: =ABS(B8) -> 0.25 | G8: =F8^2 -> 0.0625 | H8: =G8 -> 0.0625 | I8: =ABS(C8) -> 0.42 | J8: =I8^2 -> 0.1764 | K8: =J8 -> 0.1764 | L8: =ABS(D8) -> 0.35 | M8: =L8^2 -> 0.1225 | N8: =M8 -> 0.1225
A9: =A8+1 -> 7 | B9: =Sheet1!F10 -> 0.9 | C9: =Sheet1!G10 -> -1.2 | D9: =Sheet1!H10 -> 0.96 | F9: =ABS(B9) -> 0.9 | G9: =F9^2 -> 0.81 | H9: =G9 -> 0.81 | I9: =ABS(C9) -> 1.2 | J9: =I9^2 -> 1.44 | K9: =J9 -> 1.44 | L9: =ABS(D9) -> 0.96 | M9: =L9^2 -> 0.9216 | N9: =M9 -> 0.9216
A10: =A9+1 -> 8 | B10: =Sheet1!F11 -> -0.44 | C10: =Sheet1!G11 -> 0.57 | D10: =Sheet1!H11 -> 0.87 | F10: =ABS(B10) -> 0.44 | G10: =F10^2 -> 0.1936 | H10: =G10 -> 0.1936 | I10: =ABS(C10) -> 0.57 | J10: =I10^2 -> 0.3249 | K10: =J10 -> 0.3249 | L10: =ABS(D10) -> 0.87 | M10: =L10^2 -> 0.7569 | N10: =M10 -> 0.7569
A11: =A10+1 -> 9 | B11: =Sheet1!F12 -> -0.05 | C11: =Sheet1!G12 -> 0 | D11: =Sheet1!H12 -> 1.41 | F11: =ABS(B11) -> 0.05 | G11: =F11^2 -> 0.0025 | H11: =G11 -> 0.0025 | I11: =ABS(C11) -> 0 | J11: =I11^2 -> 0 | K11: =J11 -> 0 | L11: =ABS(D11) -> 1.41 | M11: =L11^2 -> 1.9881 | N11: =M11 -> 1.9881
A12: =A11+1 -> 10 | B12: =Sheet1!F13 -> 0.92 | C12: =Sheet1!G13 -> 0.34 | D12: =Sheet1!H13 -> 2.76 | F12: =ABS(B12) -> 0.92 | G12: =F12^2 -> 0.8464 | H12: =G12 -> 0.8464 | I12: =ABS(C12) -> 0.34 | J12: =I12^2 -> 0.1156 | K12: =J12 -> 0.1156 | L12: =ABS(D12) -> 2.76 | M12: =L12^2 -> 7.6176 | N12: =M12 -> 7.6176
A13: =A12+1 -> 11 | B13: =Sheet1!F14 -> -1.08 | C13: =Sheet1!G14 -> 0.4 | D13: =Sheet1!H14 -> 0.83 | F13: =ABS(B13) -> 1.08 | G13: =F13^2 -> 1.1664 | H13: =G13 -> 1.1664 | I13: =ABS(C13) -> 0.4 | J13: =I13^2 -> 0.16 | K13: =J13 -> 0.16 | L13: =ABS(D13) -> 0.83 | M13: =L13^2 -> 0.6889 | N13: =M13 -> 0.6889
A14: =A13+1 -> 12 | B14: =Sheet1!F15 -> -0.34 | C14: =Sheet1!G15 -> -1.27 | D14: =Sheet1!H15 -> 1.92 | F14: =ABS(B14) -> 0.34 | G14: =F14^2 -> 0.1156 | H14: =G14 -> 0.1156 | I14: =ABS(C14) -> 1.27 | J14: =I14^2 -> 1.6129 | K14: =J14 -> 1.6129 | L14: =ABS(D14) -> 1.92 | M14: =L14^2 -> 3.6864 | N14: =M14 -> 3.6864
... A22: =A21+1 -> 20 | B22: =Sheet1!F23 -> -0.11 | C22: =Sheet1!G23 -> 0.29 | D22: =Sheet1!H23 -> 2.92 | F22: =ABS(B22) -> 0.11 | G22: =F22^2 -> 0.0121 | H22: =G22 -> 0.0121 | I22: =ABS(C22) -> 0.29 | J22: =I22^2 -> 0.0841 | K22: =J22 -> 0.0841 | L22: =ABS(D22) -> 2.92 | M22: =L22^2 -> 8.5264 | N22: =M22 -> 8.5264
F23: Hasil Penjumlahan
F24: =SUM(F3:F22) -> 8.99 | G24: =SUM(G3:G22) -> 5.9387 | H24: =SUM(H3:H22) -> 5.9387 | I24: =SUM(I3:I22) -> 9.38 | J24: =SUM(J3:J22) -> 6.9144 | K24: =SUM(K3:K22) -> 6.9144 | L24: =SUM(L3:L22) -> 26.72 | M24: =SUM(M3:M22) -> 48.6046 | N24: =SUM(N3:N22) -> 48.6046
F25: MAE | G25: MSE | H25: RMSE | I25: MAE | J25: MSE | K25: RMSE | L25: MAE | M25: MSE | N25: RMSE
F26: =F24/20 -> 0.4495 | G26: =G24/20 -> 0.296935 | H26: =SQRT(G26) -> 0.54491742 | I26: =I24/20 -> 0.469 | J26: =J24/20 -> 0.34572 | K26: =SQRT(J26) -> 0.58797959 | L26: =L24/20 -> 1.336 | M26: =M24/20 -> 2.43023 | N26: =SQRT(M26) -> 1.5589195

Sheet Theta
B1: Tehta 0 | E1: Theta1 | H1: Theta 2 | K1: Theta 3
A2: 0 | B2: MAE | C2: MSE | D2: RMSE | E2: MAE | F2: MSE | G2: RMSE | H2: MAE | I2: MSE | J2: RMSE | K2: MAE | L2: MSE | M2: RMSE
A3: 1 | B3: =ABS(Sheet1!B4) -> 1.16 | C3: =B3^2 -> 1.3456 | D3: =C3 -> 1.3456 | E3: =ABS(Sheet1!C4) -> 0.57 | F3: =E3^2 -> 0.3249 | G3: =F3 -> 0.3249 | H3: =ABS(Sheet1!D4) -> 0.81 | I3: =H3^2 -> 0.6561 | J3: =I3 -> 0.6561 | K3: =ABS(Sheet1!E4) -> 2.37 | L3: =K3^2 -> 5.6169 | M3: =L3 -> 5.6169
A4: =A3+1 -> 2 | B4: =ABS(Sheet1!B5) -> 1.01 | C4: =B4^2 -> 1.0201 | D4: =C4 -> 1.0201 | E4: =ABS(Sheet1!C5) -> 2.3 | F4: =E4^2 -> 5.29 | G4: =F4 -> 5.29 | H4: =ABS(Sheet1!D5) -> 1.76 | I4: =H4^2 -> 3.0976 | J4: =I4 -> 3.0976 | K4: =ABS(Sheet1!E5) -> 0.56 | L4: =K4^2 -> 0.3136 | M4: =L4 -> 0.3136
A5: =A4+1 -> 3 | B5: =ABS(Sheet1!B6) -> 0.08 | C5: =B5^2 -> 0.0064 | D5: =C5 -> 0.0064 | E5: =ABS(Sheet1!C6) -> 13.36 | F5: =E5^2 -> 178.4896 | G5: =F5 -> 178.4896 | H5: =ABS(Sheet1!D6) -> 11.48 | I5: =H5^2 -> 131.7904 | J5: =I5 -> 131.7904 | K5: =ABS(Sheet1!E6) -> 14.12 | L5: =K5^2 -> 199.3744 | M5: =L5 -> 199.3744
A6: =A5+1 -> 4 | B6: =ABS(Sheet1!B7) -> 2.59 | C6: =B6^2 -> 6.7081 | D6: =C6 -> 6.7081 | E6: =ABS(Sheet1!C7) -> 10.63 | F6: =E6^2 -> 112.9969 | G6: =F6 -> 112.9969 | H6: =ABS(Sheet1!D7) -> 12.02 | I6: =H6^2 -> 144.4804 | J6: =I6 -> 144.4804 | K6: =ABS(Sheet1!E7) -> 11.38 | L6: =K6^2 -> 129.5044 | M6: =L6 -> 129.5044
A7: =A6+1 -> 5 | B7: =ABS(Sheet1!B8) -> 6.62 | C7: =B7^2 -> 43.8244 | D7: =C7 -> 43.8244 | E7: =ABS(Sheet1!C8) -> 5.06 | F7: =E7^2 -> 25.6036 | G7: =F7 -> 25.6036 | H7: =ABS(Sheet1!D8) -> 6.74 | I7: =H7^2 -> 45.4276 | J7: =I7 -> 45.4276 | K7: =ABS(Sheet1!E8) -> 6 | L7: =K7^2 -> 36 | M7: =L7 -> 36
A8: =A7+1 -> 6 | B8: =ABS(Sheet1!B9) -> 2.71 | C8: =B8^2 -> 7.3441 | D8: =C8 -> 7.3441 | E8: =ABS(Sheet1!C9) -> 10.82 | F8: =E8^2 -> 117.0724 | G8: =F8 -> 117.0724 | H8: =ABS(Sheet1!D9) -> 11.82 | I8: =H8^2 -> 139.7124 | J8: =I8 -> 139.7124 | K8: =ABS(Sheet1!E9) -> 9.09 | L8: =K8^2 -> 82.6281 | M8: =L8 -> 82.6281
A9: =A8+1 -> 7 | B9: =ABS(Sheet1!B10) -> 3.06 | C9: =B9^2 -> 9.3636 | D9: =C9 -> 9.3636 | E9: =ABS(Sheet1!C10) -> 2.12 | F9: =E9^2 -> 4.4944 | G9: =F9 -> 4.4944 | H9: =ABS(Sheet1!D10) -> 1.13 | I9: =H9^2 -> 1.2769 | J9: =I9 -> 1.2769 | K9: =ABS(Sheet1!E10) -> 2.14 | L9: =K9^2 -> 4.5796 | M9: =L9 -> 4.5796
A10: =A9+1 -> 8 | B10: =ABS(Sheet1!B11) -> 5.68 | C10: =B10^2 -> 32.2624 | D10: =C10 -> 32.2624 | E10: =ABS(Sheet1!C11) -> 3.3 | F10: =E10^2 -> 10.89 | G10: =F10 -> 10.89 | H10: =ABS(Sheet1!D11) -> 5.64 | I10: =H10^2 -> 31.8096 | J10: =I10 -> 31.8096 | K10: =ABS(Sheet1!E11) -> 2.34 | L10: =K10^2 -> 5.4756 | M10: =L10 -> 5.4756
A11: =A10+1 -> 9 | B11: =ABS(Sheet1!B12) -> 0.14 | C11: =B11^2 -> 0.0196 | D11: =C11 -> 0.0196 | E11: =ABS(Sheet1!C12) -> 5.87 | F11: =E11^2 -> 34.4569 | G11: =F11 -> 34.4569 | H11: =ABS(Sheet1!D12) -> 9.15 | I11: =H11^2 -> 83.7225 | J11: =I11 -> 83.7225 | K11: =ABS(Sheet1!E12) -> 3.24 | L11: =K11^2 -> 10.4976 | M11: =L11 -> 10.4976
A12: =A11+1 -> 10 | B12: =ABS(Sheet1!B13) -> 0.53 | C12: =B12^2 -> 0.2809 | D12: =C12 -> 0.2809 | E12: =ABS(Sheet1!C13) -> 10.68 | F12: =E12^2 -> 114.0624 | G12: =F12 -> 114.0624 | H12: =ABS(Sheet1!D13) -> 13.86 | I12: =H12^2 -> 192.0996 | J12: =I12 -> 192.0996 | K12: =ABS(Sheet1!E13) -> 8.05 | L12: =K12^2 -> 64.8025 | M12: =L12 -> 64.8025
A13: =A12+1 -> 11 | B13: =ABS(Sheet1!B14) -> 4.05 | C13: =B13^2 -> 16.4025 | D13: =C13 -> 16.4025 | E13: =ABS(Sheet1!C14) -> 1.93 | F13: =E13^2 -> 3.7249 | G13: =F13 -> 3.7249 | H13: =ABS(Sheet1!D14) -> 3.098 | I13: =H13^2 -> 9.597604 | J13: =I13 -> 9.597604 | K13: =ABS(Sheet1!E14) -> 5.03 | L13: =K13^2 -> 25.3009 | M13: =L13 -> 25.3009
A14: =A13+1 -> 12 | B14: =ABS(Sheet1!B15) -> 0.24 | C14: =B14^2 -> 0.0576 | D14: =C14 -> 0.0576 | E14: =ABS(Sheet1!C15) -> 4.27 | F14: =E14^2 -> 18.2329 | G14: =F14 -> 18.2329 | H14: =ABS(Sheet1!D15) -> 0.49 | I14: =H14^2 -> 0.2401 | J14: =I14 -> 0.2401 | K14: =ABS(Sheet1!E15) -> 4.77 | L14: =K14^2 -> 22.7529 | M14: =L14 -> 22.7529
A15: =A14+1 -> 13 | B15: =ABS(Sheet1!B16) -> 4.17 | C15: =B15^2 -> 17.3889 | D15: =C15 -> 17.3889 | E15: =ABS(Sheet1!C16) -> 4.35 | F15: =E15^2 -> 18.9225 | G15: =F15 -> 18.9225 | H15: =ABS(Sheet1!D16) -> 7.29 | I15: =H15^2 -> 53.1441 | J15: =I15 -> 53.1441 | K15: =ABS(Sheet1!E16) -> 2.95 | L15: =K15^2 -> 8.7025 | M15: =L15 -> 8.7025
... A22: =A21+1 -> 20 | B22: =ABS(Sheet1!B23) -> 1.78 | C22: =B22^2 -> 3.1684 | D22: =C22 -> 3.1684 | E22: =ABS(Sheet1!C23) -> 8.6 | F22: =E22^2 -> 73.96 | G22: =F22 -> 73.96 | H22: =ABS(Sheet1!D23) -> 10.53 | I22: =H22^2 -> 110.8809 | J22: =I22 -> 110.8809 | K22: =ABS(Sheet1!E23) -> 7.93 | L22: =K22^2 -> 62.8849 | M22: =L22 -> 62.8849
B23: Hasil Penjumlahan
B24: =SUM(B3:B22) -> 45.65 | C24: =SUM(C3:C22) -> 169.2891 | D24: =SUM(D3:D22) -> 169.2891 | E24: =SUM(E3:E22) -> 117.56 | F24: =SUM(F3:F22) -> 965.6618 | G24: =SUM(G3:G22) -> 965.6618 | H24: =SUM(H3:H22) -> 154.618 | I24: =SUM(I3:I22) -> 1754.1418 | ... M24: =SUM(M3:M22) -> 820.2472
B25: MAE | C25: MSE | D25: RMSE | E25: MAE | F25: MSE | G25: RMSE | H25: MAE | I25: MSE | J25: RMSE | K25: MAE | L25: MSE | M25: RMSE
B26: =B24/20 -> 2.2825 | C26: =C24/20 -> 8.464455 | D26: =SQRT(C26) -> 2.9093736 | E26: =E24/20 -> 5.878 | F26: =F24/20 -> 48.28309 | G26: =SQRT(F26) -> 6.9486035 | H26: =H24/20 -> 7.7309 | I26: =I24/20 -> 87.70709 | J26: =SQRT(I26) -> 9.3652064 | K26: =K24/20 -> 5.255 | L26: =L24/20 -> 41.01236 | M26: =SQRT(L26) -> 6.4040893
